{
	"settings": {
		"color": {
			"palette": [
				{
					"color": "#1d4ed8",
					"name": "Primary",
					"slug": "custom-primary"
				},
				{
					"color": "#b48e42",
					"name": "Accent",
					"slug": "custom-accent"
				},
				{
					"color": "#0a0a0b",
					"name": "Black",
					"slug": "custom-black"
				},
				{
					"color": "#ffffff",
					"name": "White",
					"slug": "custom-white"
				}
			]
		},
		"layout": {
			"contentSize": "1024px"
		},
		"typography": {
			"fontFamilies": [
				{
					"fontFamily": "-apple-system, BlinkMacSystemFont, avenir next, avenir, segoe ui, helvetica neue, helvetica, Cantarell, Ubuntu, roboto, noto, arial, sans-serif",
					"name": "System Sans-serif",
					"slug": "system-sans-serif"
				},
				{
					"fontFace": [
						{
							"fontFamily": "Inter",
							"fontStretch": "normal",
							"fontStyle": "normal",
							"fontWeight": "300 900",
							"src": [
								"file:./assets/fonts/inter/Inter-VariableFont_slnt,wght.woff2"
							]
						}
					],
					"fontFamily": "\"Inter\", sans-serif",
					"name": "Inter",
					"slug": "body"
				},
				{
					"fontFace": [
						{
							"fontFamily": "\"Work Sans\"",
							"fontStyle": "normal",
							"fontWeight": "600",
							"src": "https://telescope.echo-wp.com/wp-content/uploads/fonts/WorkSans-SemiBold-1.ttf"
						}
					],
					"fontFamily": "\"Work Sans\"",
					"name": "Work Sans",
					"slug": "work-sans"
				}
			]
		}
	},
	"styles": {
		"blocks": {
			"core/button": {
				"border": {
					"radius": "48px"
				},
				"color": {
					"background": "var(--wp--preset--color--custom-primary)",
					"text": "var(--wp--preset--color--custom-white)"
				},
				"css": ":hover {\nbackground: #B48E42 !important;\ntransition: .3s ease;\n}",
				"elements": {
					"link": {
						"color": {
							"text": "var(--wp--preset--color--custom-white)"
						}
					}
				},
				"spacing": {
					"padding": {
						"bottom": "12px",
						"left": "32px",
						"right": "32px",
						"top": "12px"
					}
				},
				"typography": {
					"fontFamily": "var(--wp--preset--font-family--body)",
					"fontSize": "var(--wp--preset--font-size--small)",
					"fontStyle": "normal",
					"fontWeight": "500"
				},
				"variations": {
					"outline": {
						"border": {
							"bottom": {
								"color": "currentColor",
								"style": "solid",
								"width": "1px"
							},
							"color": null,
							"left": {
								"color": "currentColor",
								"style": "solid",
								"width": "1px"
							},
							"radius": "48px",
							"right": {
								"color": "currentColor",
								"style": "solid",
								"width": "1px"
							},
							"style": null,
							"top": {
								"color": "currentColor",
								"style": "solid",
								"width": "1px"
							},
							"width": null
						},
						"color": {
							"background": "#ffffff00",
							"text": "var(--wp--preset--color--custom-white)"
						},
						"css": ":hover {\ncolor: #1D4ED8 !important;\nbackground: #FFFFFF !important;\nborder-color: #FFFFFF !important;\ntransition: .3s ease;\n}",
						"spacing": {
							"padding": {
								"bottom": "12px",
								"left": "32px",
								"right": "32px",
								"top": "12px"
							}
						},
						"typography": {
							"fontFamily": "var(--wp--preset--font-family--body)",
							"fontSize": "1rem",
							"fontStyle": "normal",
							"fontWeight": "500"
						}
					}
				}
			},
			"core/buttons": {
				"typography": {
					"fontSize": "var(--wp--preset--font-size--small)"
				}
			}
		},
		"color": {
			"background": "var(--wp--preset--color--base-2)",
			"text": "var(--wp--preset--color--custom-black)"
		},
		"css": "header .wp-block-navigation .wp-block-navigation__container {margin:0 auto;}\n\n.max-w-1448 {max-width:1448px;}\n\n.sr-only {position: absolute;width:1px;height:1px;padding:0;margin:-1px;overflow:hidden;clip:rect(0,0,0,0);white-space:nowrap;border-width:0;}\n\n.button-icon button.wp-block-button__link::before {\ncontent:\"\";display:inline-block;height:16px;width:16px;background-repeat:no-repeat;background-position:center;background-size:contain;vertical-align:middle;}\n\n.button-icon--left button.wp-block-button__link::before {background-image:url(\"data:image/svg+xml,%3Csvg width='9' height='14' fill='none' xmlns='http://www.w3.org/2000/svg'%3E%3Cpath d='m7.124 1-6 6 6 6' stroke='%23000' stroke-width='2' stroke-linecap='round' stroke-linejoin='round'/%3E%3C/svg%3E\");}\n\n.button-icon--right button.wp-block-button__link::before {background-image:url(\"data:image/svg+xml,%3Csvg width='9' height='14' fill='none' xmlns='http://www.w3.org/2000/svg'%3E%3Cpath d='m1.647 1 6 6-6 6' stroke='%23000' stroke-width='2' stroke-linecap='round' stroke-linejoin='round'/%3E%3C/svg%3E\");}\n\n.button-icon .wp-block-button__link {color:transparent;font-size:0;}\n\n.wp-block-post-featured-image {border-radius:20px;overflow: hidden;}\n\n.wp-block-post-featured-image img {scale:1;transition:.2s ease-in;}\n\n.wp-block-post-featured-image:hover img {scale:1.05;}\n\n.wp-block-outermost-icon-block a:hover {transform:unset;}\n\n@media (max-width:1280px) {\n.wp-block-navigation__responsive-container-open:not(.always-shown) {display:flex !important;}\n.wp-block-navigation__responsive-container:not(.hidden-by-default):not(.is-menu-open) {display:none !important;}\nheader .wp-block-navigation {--navigation-layout-justification-setting:center !important; navigation-layout-justify:center !important;}\n}\n\n@media (min-width:1200px) {\n.wp-block-navigation__responsive-container-open:not(.always-shown) {display:none !important;}\n.wp-block-navigation__responsive-container:not(.hidden-by-default):not(.is-menu-open) {display:block !important; width:100%; position:relative; z-index:auto; background-color:inherit;}\n}\n\n@media (max-width:1024px) {\nfooter .wp-block-columns {flex-wrap:wrap !important;}\nfooter .wp-block-column-site-logo {flex-basis:100% !important;}\n}",
		"elements": {
			"button": {
				"color": {
					"background": "var(--wp--preset--color--custom-primary)"
				}
			},
			"caption": {
				"color": {
					"text": "var(--wp--preset--color--custom-black)"
				}
			},
			"heading": {
				"color": {
					"text": "var(--wp--preset--color--custom-black)"
				},
				"typography": {
					"fontFamily": "var(--wp--preset--font-family--work-sans)",
					"fontStyle": "normal",
					"fontWeight": "600"
				}
			},
			"link": {
				"color": {
					"text": "var(--wp--preset--color--custom-black)"
				}
			}
		},
		"spacing": {
			"blockGap": "0"
		},
		"typography": {
			"fontSize": "var(--wp--preset--font-size--medium)",
			"lineHeight": "1.5"
		}
	},
	"version": 3,
	"$schema": "https://schemas.wp.org/wp/6.6/theme.json"
}